10008;CEQFFR21XXX;10008;GE CAPITAL EQUIPEMENT FINANCE
10011;PSSTFRPPCNE;10011;CAISSE NATIONALE D EPARGNE
10050;SORFRER1XXX;10050;STE REUNIONNAISE DE FINANCEMENT SOREFI
10057;CMCIFRP1SBC;10057;CIC SUD OUEST
10071;TRPUFRP1XXX;10071;TRESOR PUBLIC
10088;SPPCFRP1XXX;10088;STE PROMO ET PART PR COOP ECO - PROPARCO
10096;CMCIFRP1LYB;10096;CIC LYONNAISE DE BANQUE
10107;BREDFRPPXXX;10107;BRED BANQUE POPULAIRE
10128;BCITFRPPXXX;10128;INTESA SANPAOLO SPA
10140;CCMRFR21XXX;10140;CSSE CIT MUNICIPAL DE MARSEILLE
10160;CMMDMCM1XXX;10160;CREDIT MOBILIER DE MONACO
10178;CCBPFRPPCHX;10178;BANQUE CHAIX
10188;BCHAFR21;10188;BANQUE CHALUS
10206;AGRIFRPP802;10206;CREDIT AGRICOLE DU NORD EST
10207;CCBPFRPPMTG;10207;BANQUE POPULAIRE RIVES DE PARIS
10218;RABOFRPPXXX;10218;RABOBANK NEDERLAND RABOBANK INTERNATIONA
10228;LAYDFR2W;10228;BANQUE LAYDERNIER
10268;COURFR2T;10268;BANQUE COURTOIS
10273;OCFIFRP1XXX;10273;OCTO FINANCES SA
10278;CMCIFR2ACEE;10278;CAISSE FEDERALE DE CREDIT MUTUEL
10323;MLIBFRP1XXX;10323;MERRILL LYNCH INTERNATIONAL BANK LIMITED
10343;SBILFRP1XXX;10343;CITIGROUP GLOBAL MARKETS LIMITED
10423;RBOSFRP1XXX;10423;THE ROYAL BANK OF SCOTLAND
10468;RALPFR2G;10468;BANQUE RHONE ALPES
10548;BSAVFR2CXXX;10548;BANQUE DE SAVOIE
10550;DAFRFR21XXX;10550;MERCEDES BENZ FINANCIAL SERVICES FR SA
10558;TARNFR2L;10558;BANQUE TARNEAUD
10638;CCBPFRPP555;10638;CREDIT COMMERCIAL DU SUD OUEST
10773;FMTSFRPPXXX;10773;MARCHE DE TITRES FRANCE (MTS FRANCE)
10800;LOAAFR21XXX;10800;LOCAM LOCATION AUTOMOBILES MATERIEL SAS
10807;CCBPFRPPDJN;10807;BANQUE POPULAIRE BOURGOGNE FRANCHE COMTE
10820;FRUCFRP1XXX;10820;FRUCTIBAIL
10890;FACIFRPP;10890;FACTOBAIL
10900;DIFFFRP1XXX;10900;DIFFUCO
10907;CCBPFRPPBDX;10907;BANQUE POP AQUITAINE CENTRE ATLANTIQUE
10918;CHDUFRPP;10918;CHOLET DUPONT
10930;FRGNFR21XXX;10930;FONDS REGIONAL GARANT NORD PAS DE CALAIS
11006;AGRIFRPP810;11006;CREDIT AGRICOLE DE CHAMPAGNE BOURGOGNE
11018;BSILMCMCXXX;11018;BSI MONACO SAM
11078;BIIOFR21XXX;11078;NORD EUROPE LEASE
11128;NALEFRP1;11128;NATIXIS LEASE
11138;NFACFR21;11138;NATIXIS FACTOR
11140;SSEEFR21XXX;11140;SEDEF (STE EUROP DE DEV DU FINT)
11188;RCINFRPPXXX;11188;RCI BANQUE SA
11190;CGLLFRP1XXX;11190;CSSE GARANTIE DU LOGEMENT LOCATIF SOCIAL
11206;AGRIFRPP812;11206;CREDIT AGRICOLE NORD MIDI PYRENEES
11210;RGFIFRPPXXX;11210;BANQUE DE REALISATIONS DE GEST ET DE FIN
11230;CONOFRP1XXX;11230;LASER COFINOGA
11238;SWILFRPPXXX;11238;SWISSLIFE BANQUE PRIVEE
11306;AGRIFRPP813;11306;CREDIT AGRICOLE D ALPES PROVENCE
11307;CCBPFRPPCAS;11307;CASDEN BANQUE POPULAIRE
11315;CEPAFRPP131;11315;CAISSE D EPARGNE PROVENCE ALPES CORSE
11343;CSEEFRP1XXX;11343;CREDIT SUISSE SECURITIES EUROPE LTD
11353;PLNTFR21XXX;11353;PLANTUREUX ET ASSOCIES
11380;CRRHFRP1XXX;11380;C R H CAISSE DE REFINANCEMENT HABITAT
11408;WAFTWF21XXX;11408;BANQUE DE WALLIS ET FUTUNA
11425;CEPAFRPP142;11425;CAISSE D EPARGNE DE NORMANDIE
11438;HRFRFRP1XXX;11438;BANQUE HOTTINGUER
11449;BDEIFRPP;11449;BANQUE THEMIS
11453;SITRFRP1XXX;11453;SIGMA TERME
11468;PAIMFRP1;11468;BANQUE PATRIMOINE ET IMMOBILIER
11470;COCNFRP1XXX;11470;NATIXIS COFICINE
11478;HPCPFRP1XXX;11478;HPC
11490;INRFFRP1XXX;11490;INTERFIMO
11498;BPPBMCMCXXX;11498;BNP PARIBAS WEALTH MANAGEMENT MONACO
11518;SBOSFRP1XXX;11518;STATE STREET BANQUE SA
11550;CCUOFR21XXX;11550;CSSE CIT MUNICIPAL DE TOULOUSE
11600;CMCIFRP1LEA;11600;CMCIC LEASE
11628;CMCIFR21BCI;11628;BANQUE DU CREDIT MUT ILE DE FRANCE BCMI
11668;BERLMCMCXXX;11668;BANQUE GESTION ED DE ROTHSCHILD MONACO
11678;LLLSFRP1XXX;11678;DE LAGE LANDEN LEASING SAS
11689;CITIFRPPXXX;11689;CITIBANK INTERNATIONAL PLC - CITIGROUP
11706;AGRIFRPP817;11706;CREDIT AGRICOLE CHARENTE MARITIME DEUX SEVRES
11720;HEEFFRP1XXX;11720;HSBC EPARGNE ENTREPRISE (FRANCE)
11729;BNPAGFGXXXX;11729;BNP PARIBAS GUYANE
11749;BDILPMPMXXX;11749;BANQUE DE SAINT PIERRE ET MIQUELON
11768;MSFRFR31XXX;11768;MORGAN STANLEY ET CO INTERNATIONAL PLC
11769;SIPIFRP1XXX;11769;SIIC DE PARIS
11778;CDMAFRPXXXX;11778;CREDIT DU MAROC
11808;CMCIFRPAXXX;11808;BANQUE FEDERATIVE DU CREDIT MUTUEL
11830;INOOFR21XXX;11830;INTER COOP
11833;ICBKFRPP;11833;ICBC PARIS BRANCH
11873;VATEFRP1XXX;11873;OTCEX SA
11899;CMCIFRP1BEC;11899;BANQUE EUROPEENNE DU CREDIT MUTUEL
11907;CCBPFRPPCFD;11907;BANQUE POPULAIRE DU MASSIF CENTRAL
11938;AGFCFR21XXX;11938;AGCO FINANCE SNC
11960;CGFFFR21XXX;11960;CIT FRANCE SAS
11978;CMCIFRP1FAC;11978;CM CIC FACTOR
11989;POUYFR21XXX;11989;BANQUE POUYANNE
11999;UBSWMCMXXXX;11999;UBS MONACO
12006;AGRIFRPP820;12006;CREDIT AGRICOLE DE LA CORSE
12008;SOSTFR21XXX;12008;SOFISCOP SUD EST
12043;BRGAFRP1XXX;12043;BRYAN GARNIER ET CO LIMITED
12050;CMOIFR21XXX;12050;CREDIT MODERNE OCEAN INDIEN
12088;CRGEFR2XXXX;12088;BANCA CARIGE CASSA RISPARMIO DI GENOVA
12110;CMVMFRP1XXX;12110;CMV MEDIFORCE
12128;SOPMFRP1XXX;12128;STE CENTRALE PR FINT IMMOBILIER SOCFIM
12135;CEPAFRPP213;12135;CAISSE D EPARGNE BOURGOGNE FRANCHE COMTE
12138;CAFFFR21XXX;12138;CATERPILLAR FINANCE FRANCE S.A.
12148;OPEUFRP1XXX;12148;SG OPTION EUROPE
12149;BPOLPFTP;12149;BANQUE DE POLYNESIE
12169;REUBRERXXXX;12169;BANQUE DE LA REUNION
12179;BIARFRPPXXX;12179;BANQUE BIA
12206;AGRIFRPP822;12206;CREDIT AGRICOLE DES COTES D ARMOR
12239;CEPAPFTPXXX;12239;BANQUE DE TAHITI
12240;AGFBFRCCXXX;12240;ALLIANZ BANQUE
12249;BMCEFRPPXXX;12249;BMCE BANK INTERNATIONAL PLC
12258;FISLFR21XXX;12258;CREDIT IMMOBILIER DE FRANCE SUD OUEST
12280;SORMFR2NXXX;12280;SOCRAM BANQUE
12298;FRCIFR21XXX;12298;CREDIT IMMOBILIER DE FRANCE BRETAGNE
12308;CIRNFR21XXX;12308;CREDIT IMMOBILIER DE FRANCE NORD
12318;FRCOFR21XXX;12318;FINANCIERE REGIONALE CREDITS IMMOB EST
12338;FRHBFR21XXX;12338;CREDIT IMMOBILIER DE FRANCE CENTRE EST
12398;CIFEFR21XXX;12398;CREDIT IMMOBILIER FRANCE CENTRE OUEST
12406;AGRIFRPP824;12406;CREDIT AGRICOLE CHARENTE PERIGORD
12418;CIFRFR21XXX;12418;CREDIT IMMOBILIER DE FRANCE OUEST
12420;CCMSFR21XXX;12420;CSSE CIT MUNICIPAL DE REIMS
12438;SSFAFRP1XXX;12438;SOFIAP-STE FINAN PR ACCESSION PROPRIETE
12448;BARCMCMXXXX;12448;BARCLAYS BANK PLC MONACO
12453;ODDOFRPPXXX;12453;ODDO CONTREPARTIE
12468;BCGEFR21XXX;12468;BANQUE CANTONALE DE GENEVE (FRANCE) S A
12478;FPLRFR21;12478;FCE BANK PLC
12500;SOIEFR21XXX;12500;SOCIETE DE FINANCEMENT DE LA MEUNERIE
12506;AGRIFRPP825;12506;CREDIT AGRICOLE FRANCHE COMTE
12518;BASKFR21;12518;KUTXABANK
12543;CFILFRP1XXX;12543;CANTOR FITZGERALD EUROPE
12548;AXABFRPPXXX;12548;AXA BANQUE
12549;LCNDFRP1XXX;12549;LOCINDUS S A
12558;VFFFFRP1XXX;12558;VFS FINANCE FRANCE
12579;BPSMFRPPXXX;12579;BANQUE BCP
12589;BBPIFRPPXXX;12589;BANCO BPI
12619;CGDIFRPPXXX;12619;CAIXA GERAL DE DEPOSITOS
12648;SGEUFRP1XXX;12648;SG EURO C T
12658;EHSCFR2PXXX;12658;EULER HERMES CREDIT FRANCE
12670;SOIBFRP1XXX;12670;SOCIETE FINANCIERE ET MOBILIERE
12739;CFMOMCMXXXX;12739;CREDIT FONCIER DE MONACO
12748;SOSNFR21XXX;12748;SOGEFINANCEMENT
12749;NABIFRP1XXX;12749;NATIXIS BAIL
12779;BROLFRP1XXX;12779;BRED COFILEASE
12818;IFCIFRP1XXX;12818;INST PR FINT CINE ET IND CULT I F C I C
12828;SFEGFR21XXX;12828;STE FIRE ENTREPRISES DU GARD SOFIGARD
12853;EUFEFRP1XXX;12853;EURASIA FINANCE
12879;DELUFR22XXX;12879;BANQUE DELUBAC ET CIE
12906;AGRIFRPP829;12906;CREDIT AGRICOLE DU FINISTERE
12938;SOBOFR21XXX;12938;SUD OUEST BAIL
12939;BDUPFR2SXXX;12939;BANQUE DUPUY DE PARSEVAL
12978;FIGTFRP1XXX;12978;JCB FINANCE
13018;BAYLFR21XXX;13018;BATIROC BRETAGNE PAYS DE LOIRE
13028;SGFGFRP1XXX;13028;STE GESTION FONDS GARANTIE OUTRE MER
13038;FIEMFRP1XXX;13038;FIDEM
13070;CMCIFRP1BAE;13070;CM CIC BAIL
13078;BNPAGPGXXXX;13078;BNP PARIBAS GUADELOUPE
13088;BNPAMQMXXXX;13088;BNP PARIBAS MARTINIQUE
13106;AGRIFRPP831;13106;CREDIT AGRICOLE DE TOULOUSE 31
13118;LBBLFR21XXX;13118;LBS LANDESBAUSPARKASSE BADEN WURTTEMBERG
13128;COAIFRP1XXX;13128;COFICA BAIL
13135;CEPAFRPP313;13135;CAISSE D EPARGNE DE MIDI PYRENEES
13148;CLBQFRCCXXX;13148;DEXIA CLF BANQUE
13149;EDELFRP1XXX;13149;BANQUE EDEL SNC
13150;LIXBFRP1;13150;LIXXBAIL
13158;FAGFFRP1XXX;13158;FRANCE ACTIVE GARANTIE FAG S A
13168;PSABFRPP;13168;BANQUE PSA FINANCE
13179;FIDCFR21XXX;13179;BANQUE FIDUCIAL
13188;CPPTFRP1XXX;13188;B CAPITAL
13198;FRTFFRP1XXX;13198;FRANKLIN TEMPLETON FRANCE S A
13210;AGRIFRP1LEA;13210;CREDIT AGRICOLE LEASING & FACTORING
13220;SCREFRP1XXX;13220;STE COOP RENOVATION EQUIP DU COM SOCOREC
13259;KOLBFR21;13259;BANQUE KOLB
13298;CMCIFR21BCM;13298;BANQUE COM DU MARCHE NORD EUROPE BCMNE
13306;AGRIFRPP833;13306;CREDIT AGRICOLE D AQUITAINE
13335;CEPAFRPP333;13335;CAISSE D EPARGNE AQUITAINE POITOU CHARENTES
13338;KBLXMCMCXXX;13338;KBL MONACO PRIVATE BANKERS S A M
13343;JPMSGB2L;13343;J P MORGAN SECURITIES
13368;SGBTMCMCXXX;13368;SOCIETE GENERALE PRIVATE BANKING(MONACO)
13369;BMMMFR2AXXX;13369;BANQUE MARTIN MAUREL
13379;BMRZFR21XXX;13379;BANQUE MARZE
13390;UFDCFRP1XXX;13390;UNION FIRE PR DEV ECON CEREAL UNIGRAINS
13400;FRAEFR21XXX;13400;FC FRANCE
13408;EUCUFRP1XXX;13408;EUROPEENNE DE CAUTIONNEMENT S A
13428;CRESFRPZXXX;13428;CREDIT SUISSE AG
13473;GASEFRP1XXX;13473;GDF SUEZ TRADING
13485;CEPAFRPP348;13485;CAISSE D EPARGNE DU LANGUEDOC ROUSSILLON
13488;BLICMCMCXXX;13488;HSBC PRIVATE BANK (MONACO) S A
13489;BNUGFR21;13489;BANQUE NUGER
13490;CEEXFRP1XXX;13490;CENTRAL EXPANSION
13506;AGRIFRPP835;13506;CREDIT AGRICOLE DU LANGUEDOC
13507;CCBPFRPPLIL;13507;BANQUE POPULAIRE DU NORD
13528;UNCRFRPPXXX;13528;UNICREDIT SPA
13538;FNIFFR21XXX;13538;FINIFAC
13539;BPETFRP1XXX;13539;BANQUE SOLFEA
13540;FMSHFRP1XXX;13540;FINANCIERE DU MARCHE SAINT HONORE
13558;AUXFFRP1;13558;AUXIFIP
13579;BSAOFR21XXX;13579;BANQUE SAINT OLIVE
13580;FACFFRPP;13580;GE FACTOFRANCE
13606;AGRIFRPP836;13606;CREDIT AGRICOLE D ILLE ET VILAINE
13607;CCBPFRPPNIO;13607;BANQUE POPULAIRE CENTRE ATLANTIQUE
13648;BOFSFRP1XXX;13648;BANK OF SCOTLAND PLC
13678;IFFIFR21XXX;13678;ABN AMRO COMMERCIAL FINANCE
13688;ISBKFRPPXXX;13688;ISBANK AG
13698;ESFTFR21XXX;13698;ESTER FINANCE TITRISATION
13728;COIPFRP1XXX;13728;COFIPLAN
13758;PRRSFRP1XXX;13758;PRETS ET SERVICES
13769;SGDCFRP1XXX;13769;STE GENERALE PR DEV OPE CIT BAIL IMMOB
13773;INUUFRP1XXX;13773;INVEST SECURITIES
13798;CAOOFR21XXX;13798;CAISSE SOLIDAIRE
13807;CCBPFRPPNAN;13807;BANQUE POPULAIRE ATLANTIQUE
13825;CEPAFRPP382;13825;CAISSE D EPARGNE RHONE ALPES
13838;CNCUFRP1XXX;13838;CNH CAPITAL EUROPE
13858;LOFIFRP1XXX;13858;LOISIRS FINANCE
13878;TKGTFR21XXX;13878;TOYOTA KREDITBK GMBH TOYOTA FRANCE FIN
13888;ELFAFRP1XXX;13888;HSBC FACTORING (FRANCE)
13906;AGRIFRPP839;13906;CREDIT AGRICOLE SUD RHONE ALPES
13907;CCBPFRPPLYO;13907;BANQUE POPULAIRE LOIRE ET LYONNAIS
13928;CAFOFRP1XXX;13928;GE CAPITAL FINANCEMENTS IMMOBILIERS
13953;GLEQFRP1XXX;13953;GLOBAL EQUITIES
13959;AASFFRP1XXX;13959;AGRIFIGEST ALMA  STE FIRE ET AGRIC GEST
13968;UCENFRP1XXX;13968;UCB ENTREPRISES
13973;POWNFRP1XXX;13973;POWERNEXT SA
13998;SDFFFRP1XXX;13998;SAME DEUTZ FAHR FINANCE
14006;AGRIGPGX;14006;CREDIT AGRICOLE DE LA GUADELOUPE
14008;FIPPFRP1XXX;14008;FIMIPAR
14018;NOFAFRP1XXX;14018;NORRSKEN FINANCE
14020;AUOOFR21XXX;14020;FL AUTO
14048;CRESMCMXXXX;14048;CREDIT SUISSE (MONACO)
14078;CCMEFR21XXX;14078;CSSE CIT MUNICIPAL DE LILLE
14108;JODCFR21;14108;JOHN DEERE FINANCIAL
14110;PIFIFRP1XXX;14110;PINATTON FINANCE
14120;LEGRFRP1XXX;14120;LEGAL AND GENERAL BANK (FRANCE)
14139;NBPAFRPPXXX;14139;NATIONAL BANK OF PAKISTAN
14148;EHYPFRP1XXX;14148;HYPOTHEKENBANK FRANKFURT AG
14150;ROBOFRP1XXX;14150;BANQUE ODDO
14158;CEFNNCN1;14158;CENTRE FINANCIER DE NOUMEA
14168;OFTPPFT1XXX;14168;OFFICE POSTES ET TELECOM DE POLYNESIE FR
14173;RJEEFRP1;14173;RAYMOND JAMES EURO EQUITIES
14198;SORAFR21XXX;14198;SOGELEASE FRANCE
14218;CLAAFRP1XXX;14218;CLAAS FINANCIAL SERVICES
14228;SGFIFR21XXX;14228;SGB FINANCE
14238;NOUCNCN1XXX;14238;NOUMEA CREDIT
14265;CEPAFRPP426;14265;CAISSE D EPARGNE LOIRE DROME ARDECHE
14288;RBFAFRP1XXX;14288;GE FACTOR
14318;BRGEFRPPXXX;14318;BRED GESTION
14328;SEGFFRP1XXX;14328;AMUNDI FINANCE
14378;SFPMFRP1XXX;14378;STE FIRE DU PORTE MONNAIE ELECTR INTERBA
14380;FACEFR21XXX;14380;FACET
14388;DXMAFRPPXXX;14388;CAISSE FRANCAISE DE FINANCEMENT LOCAL
14398;HSLFFRP1XXX;14398;HSBC LEASING (FRANCE)
14406;AGRIFRPP844;14406;CREDIT AGRICOLE VAL DE FRANCE
14408;HRELFRP1XXX;14408;HSBC REAL ESTATE LEASING (FRANCE)
14410;DEFOFRP1XXX;14410;DEXIA FLOBAIL
14445;CEPAFRPP444;14445;CAISSE D EPARGNE BRETAGNE PAYS DE LOIRE
14448;CFODFR21XXX;14448;CIT FCIER CMUNAL ALSACE LORRAINE SCF
14478;MMSEMCM1XXX;14478;MARTIN MAUREL SELLA BQUE PRIVEE MONACO
14500;PORZFR21XXX;14500;PORTZAMPARC SOCIETE DE BOURSE
14505;CEPAFRPP450;14505;CAISSE D EPARGNE LOIRE CENTRE
14506;AGRIFRPP845;14506;CREDIT AGRICOLE LOIRE HAUTE LOIRE
14508;BAERMCMCXXX;14508;BANK JULIUS BAER (MONACO) S A M
14518;FTNOFRP1XXX;14518;FORTUNEO
14559;IIDFFR21XXX;14559;ING DIRECT N V
14568;HANDFRPPXXX;14568;HANDELSBANKEN
14578;ALSOFR21XXX;14578;ALSOLIA
14588;CONUFR21XXX;14588;COMPAGNIE FINANCIERE DE BOURBON
14590;COGRFR21XXX;14590;COGERA SOCIETE ANONYME
14607;CCBPFRPPMAR;14607;BANQUE POPULAIRE PROVENCALE ET CORSE
14628;GRCSFRP1XXX;14628;BANQUE DU GROUPE CASINO
14633;WUIGFRP1XXX;14633;WESTERN UNION INTERNATIONAL BANK GMBH
14643;HEGVFRP1XXX;14643;HENDERSON GLOBAL INVESTORS LIMITED
14648;CAAIFR21XXX;14648;CAPITOLE FINANCE TOFINSO
14658;CIERFRP1XXX;14658;CIF EUROMORTGAGE
14670;BMFCFR21XXX;14670;BMW FINANCE
14688;STLEFRP1XXX;14688;STAR LEASE
14690;MONNFR22;14690;MONABANQ
14698;COUTMCM1XXX;14698;COUTTS & CO (MONACO)
14706;AGRIFRPP847;14706;CREDIT AGRICOLE ATLANTIQUE VENDEE
14707;CCBPFRPPMTZ;14707;BANQUE POPULAIRE LORRAINE CHAMPAGNE
14749;SFBSFRP1XXX;14749;STE FIRE DE BANQUE SOFIB
14753;MLNAFRP1XXX;14753;MERRILL LYNCH PIERCE FENNER SMITH SAS
14758;CRLLFRP1;14758;AMUNDI TENUE DE COMPTES
14768;CADFFRP1XXX;14768;NATIXIS FINANCEMENT
14773;EUOCFRP1XXX;14773;EUROCORPORATE
14800;UNFCFRP1XXX;14800;UNION NOTARIALE FIRE CREDIT UNOFI CREDIT
14806;AGRIFRPP848;14806;CREDIT AGRICOLE CENTRE LOIRE
14818;BREUFR22;14818;BANCA REGIONALE EUROPEA SPA
14820;DUBUFR2LXXX;14820;DUBUS S A
14830;SBGDFRP1XXX;14830;STE DE BOURSE GILBERT DUPONT
14833;CITIFRPP;14833;GE CAPITAL COMMERCIAL DISTRIBUTION FINAN
14848;FPSSNCN1XXX;14848;GE FINANCEMENT PACIFIQUE SAS
14860;CMCIFRPBXXX;14860;CM CIC SECURITIES
14879;BKIDFRPPXXX;14879;BANK OF INDIA
14888;FNNOFRP1XXX;14888;BPCE INTERNATIONAL ET OUTREMER BPCE IOM
14889;CEPANCNMXXX;14889;BANQUE DE NOUVELLE CALEDONIE
14908;POSOMCM1XXX;14908;BANCA POPOLARE DI SONDRIO SUISSE
14918;DEPAFRP1XXX;14918;DEPFA BANK PLC
14928;SFPTFR21XXX;14928;SOCIETE FINANCIERE DE PAIEMENTS
14940;CFFIFR21;14940;COFIDIS
14948;INRPFRP1;14948;NATIXIS INTEREPARGNE
14958;SFSSFR21XXX;14958;SIEMENS FINANCIAL SERVICES SAS
14989;KOEXFRPPXXX;14989;KOREA EXCHANGE BANK
14998;DOMFFRP1XXX;14998;DOMOFINANCE
15000;XPARFRPPXXX;15000;EURONEXT PARIS SA
15008;JYSKFR21XXX;15008;JYSKE BANK AS
15068;PICTFRPPXXX;15068;PICTET ET CIE (EUROPE) S A
15078;MFFMFR21XXX;15078;MFF
15128;VOWAFR21XXX;15128;VOLKSWAGEN BANK GMBH
15135;CEPAFRPP513;15135;CAISSE D EPARGNE CHAMPAGNE ARDENNES
15138;OCFOPFT1XXX;15138;OCEANIENNE DE FINANCEMENT (OFINA)
15149;CFCLFR21XXX;15149;CIT FCIER CMUNAL ALSACE LORRAINE BANQUE
15153;RAJIFRP1XXX;15153;RAYMOND JAMES INTERNATIONAL
15160;MSEGFRP1XXX;15160;FINANCIERE MEESCHAERT
15173;CCTEFRP1;15173;CACEIS CORPORATE TRUST (CACEIS CT)
15178;SOGDPFT1XXX;15178;SOGELEASE BDP
15208;CRMPFRP1XXX;15208;CREDIT MUNICIPAL DE PARIS
15218;BIFAFR21XXX;15218;BIBBY FACTOR FRANCE
15228;SOAIMQM1XXX;15228;SOCIETE FINANCIERE ANTILLES GUYANE
15243;ISNTFRP1XXX;15243;INSTINET EUROPE LIMITED
15250;SMBCFRPPXXX;15250;SUMITOMO MITSUI BANKING CORP EUROPE LTD
15258;GOIRFRP1XXX;15258;THE GOVERNOR AND CY OF THE BANK IRELAND
15273;GRERFRP1XXX;15273;GROUPAMA EPARGNE SALARIALE
15278;CRAFFRP1XXX;15278;CREALFI
15298;DISFFRPPXXX;15298;RBC INVESTOR SERVICES BANK FRANCE SA
15338;DISSFR21XXX;15338;DISPONIS
15348;CMARFR21XXX;15348;CRC MARIT MUTUEL DE LA REGION NORD
15358;CMDMGPG1XXX;15358;CRC MARIT MUT OUTRE MER
15373;ARFCFRP1XXX;15373;ARKEON FINANCE
15378;KOFFFRP1XXX;15378;KOMATSU FINANCIAL FRANCE
15380;COANFRP1XXX;15380;CONSERVATEUR FINANCE
15389;CANUFRP1XXX;15389;CAISSE NATIONALE DES AUTOROUTES
15408;FAMSFRPPXXX;15408;BNP PARIBAS DEALING SERVICES
15409;SCFEFR21XXX;15409;SOFIRIF COOP FNCIERE REGION ILE FRANCE
15428;KREDFRPPXXX;15428;KBC BAIL IMMOBILIER FRANCE SAS
15429;CMUTFR21BCH;15429;CAISSE AGRIC CREDIT MUTUEL
15448;CNFSFR21XXX;15448;CNH FINANCIAL SERVICES
15449;CBCRFR21XXX;15449;CAISSE DE BRETAGNE DE CIT MUT AGRICOLE
15488;PROJFRP1XXX;15488;PROJEO
15489;CMCIFR2ALAV;15489;CFCM MAINE ANJOU BASSE NORMANDIE
15498;MFSAFR21XXX;15498;MAN FINANCIAL SERVICES SAS
15518;IGREFRP1XXX;15518;ING REAL ESTATE FINANCE FRANCE
15519;CMCIFR2ACMO;15519;CAISSE FEDER CIT MUT OCEAN
15548;PRROFR21XXX;15548;PRIORIS
15568;CRFFFRP1XXX;15568;CREDIT LIFT
15573;AXEEFRP1XXX;15573;AXA EPARGNE ENTREPRISE
15589;CMBRFR2BXXX;15589;CREDIT MUTUEL ARKEA
15590;FCFSFRP1XXX;15590;FORTIS COMMERCIAL FINANCE S A S
15607;CCBPFRPPNCE;15607;BANQUE POPULAIRE COTE D AZUR
15608;PHNEFRP1XXX;15608;PNB EUROPE PLC
15610;SGFAGPG1XXX;15610;STE AN DE GESTION ET FINANCEMENT-SAGEFI
15628;MICSFR21XXX;15628;CHEBANCA SPA
15629;CMCIFR2ACMN;15629;CAISSE FEDERALE CIT MUTUEL NORD EUROPE
15638;BACAMCMCXXX;15638;ANDBANC MONACO SAM
15648;DLFSFR21;15648;DEUTSCHE LEASING FRANCE
15658;MOFAFRP1XXX;15658;MONEYGRAM FRANCE
15668;BPCDFRP1XXX;15668;BNP PARIBAS HOME LOAN SFH
15673;AGRIFRPP907;15673;CREDIT AGRICOLE TITRES
15708;RIFRFR21XXX;15708;RIA FRANCE
15728;SEFAFR21XXX;15728;SEFIA
15818;BIKCFRP1XXX;15818;BINCKBANK NV
15829;CMCIFR2AANG;15829;CAISSE FEDER CIT MUT D ANJOU
15843;HLHZFRP1XXX;15843;HOULIHAN LOKEY (EUROPE) LIMITED
15848;CMCIFRP1COV;15848;CREDIT MUTUEL CIC HOME LOAN SFH
15858;COEFFRP1XXX;15858;SIGUE GLOBAL SERVICES
15868;SXFRFRP1;15868;SAXO BANQUE (FRANCE)
15898;CAODFRP1;15898;CREDIT AGRICOLE HOME LOAN SFH
15900;FEFIFR21XXX;15900;FEDERAL FINANCE
15908;ROYCGB22;15908;RBC EUROPE LIMITED
15920;MRLAFRP1XXX;15920;MERRILL LYNCH CAPITAL MARKETS(FRANCE)SAS
15930;NATXFRPPPAI;15930;NATIXIS PAIEMENTS
15958;BPCBFRP1XXX;15958;BANQUES POPULAIRES COVERED BONDS
15960;MAFIFRP1XXX;15960;MACSF FINANCEMENT
15970;BATLFR21XXX;15970;BAIL ACTEA
15980;BAEPFR21XXX;15980;ARKEA CREDIT BAIL
15998;GCEUFR21XXX;15998;GCE COVERED BONDS
16000;DIACFR21XXX;16000;DIAC
16006;AGRIFRPP860;16006;CREDIT AGRICOLE DU MORBIHAN
16020;BATMFRP1XXX;16020;BATIMAP
16030;IBFFFR21XXX;16030;IBM FRANCE FINANCEMENT
16038;HAVLMCMXXXX;16038;BANQUE HAVILLAND (MONACO)
16048;ECOCFRPP;16048;EBI SA
16050;BAOIFR21XXX;16050;BATI LEASE
16073;CMCIFRP1EPS;16073;CM CIC EPARGNE SALARIALE
16078;BNPAFRPPPBQ;16078;BNP PARIBAS PUBLIC SECTOR SCF
16088;CMBRFR2BARK;16088;CREDIT MUTUEL ARKEA HOME LOANS SFH
16100;CCMUFR21XXX;16100;CSSE CIT MUNICIPAL DE ROUEN
16106;AGRIFRPP861;16106;CREDIT AGRICOLE DE LORRAINE
16130;SIRCFR21XXX;16130;S I R C A M
16133;BMEUFRP1;16133;BMCE EUROSERVICES
16158;BGFIFRPPXXX;16158;BGFI INTERNATIONAL
16159;CMCIMQM1XXX;16159;C F C M A G
16160;AACBFR21XXX;16160;ALSABAIL ALSACIENNE DE CIT BAIL IMMOB
16168;AFRIFRPP;16168;BOA FRANCE
16170;CMUBFR21XXX;16170;CSSE CIT MUNICIPAL DE BOULOGNE SUR MER
16178;BPFIFRP1XXX;16178;LA BANQUE POSTALE FINANCEMENT
16180;BAOEFR21XXX;16180;BATIROC NORMANDIE
16188;BPCEFRPPXXX;16188;BPCE
16190;FRUTFRP1XXX;16190;NATIXIS LEASE IMMO
16198;EFGBFRPP;16198;EFG BANQUE PRIVEE
16200;CCUIFR21XXX;16200;CSSE CIT MUNICIPAL DE NICE
16218;BFBKFRP1XXX;16218;BFORBANK
16243;GFIGFRP1XXX;16243;GFI SECURITIES LIMITED
16253;ORFIFRP1XXX;16253;ORIENT FINANCE
16270;CONGFR21XXX;16270;COMPTOIR FIR DE GARANTIE C F G
16273;FEPSFRP1XXX;16273;FEDERIS EPARGNE SALARIALE
16275;CEPAFRPP627;16275;CAISSE D EPARGNE NORD FRANCE EUROPE
16278;NAMIFRP1XXX;16278;NATIXIS ASSET MANAGEMENT FINANCE
16288;AQOBFRP1XXX;16288;AQOBA EP
16298;CMBRFR2BPBS;16298;ARKEA BANKING SERVICES
16338;AFOPFR21XXX;16338;AFONE PAIEMENT
16348;SLMPFRP1;16348;SLIMPAY SA
16373;PEGSFR21XXX;16373;PRADO EPARGNE
16418;TFRSFRP1;16418;TEMPO FRANCE
16428;BUYSFRP1;16428;BUYSTER
16443;ECFSFRP1;16443;EUROPEAN CAPITAL FINANCIAL SERVICES LTD
16473;REGRFRP1XXX;16473;REGARDBTP
16498;COLQFR21;16498;C2A COMPAGNIE DE L ARC ATLANTIQUE
16518;FDFRFR22;16518;FDI FRANCE
16548;CMCIMCM1BEC;16548;BANQUE EUROPEENNE CREDIT MUTUEL MONACO
16558;GROTFRP1;16558;OPS
16560;CCMOFR21XXX;16560;CSSE CIT MUNICIPAL DE BORDEAUX
16588;SFILFRPP;16588;SOCIETE DE FINANCEMENT LOCAL
16598;FPELFR21;16598;COMPTE NICKEL
16600;CCTCNCN1XXX;16600;CREDICAL
16606;AGRIFRPP866;16606;CREDIT AGRICOLE DE NORMANDIE
16607;CCBPFRPPPPG;16607;BANQUE POPULAIRE DU SUD
16628;COUTMCM1XXX;16628;COUTTS & CO LTD SUCCURSALE DE MONACO
16640;CRFLFR21XXX;16640;CREDIT FINANCIER LILLOIS
16643;BLIAFR21XXX;16643;BLACKROCK INVESTMENT MANAGEMENT UK LTD
16673;FOGFFRP1XXX;16673;FONGEPAR
16700;CICAFRP1XXX;16700;CICOBAIL
16705;CEPAFRPP670;16705;CAISSE D EPARGNE D ALSACE
16706;AGRIFRPP867;16706;CREDIT AGRICOLE NORD DE FRANCE
16707;CCBPFRPPREN;16707;BANQUE POPULAIRE DE L OUEST
16760;FRANFR21;16760;FRANFINANCE
16780;NAFNFRP1XXX;16780;NATIXIS FUNDING
16806;AGRIFRPP868;16806;CREDIT AGRICOLE CENTRE FRANCE
16807;CCBPFRPPGRE;16807;BANQUE POPULAIRE DES ALPES
16820;AECFFR21XXX;16820;AMERICAN EXPRESS CARTE FRANCE
16839;FINFFR21XXX;16839;FINANCO
16840;BPGEMCMCXXX;16840;BANQUE PASCHE (MONACO)
16843;KGLMFRP1XXX;16843;THE KYTE GROUP LIMITED
16850;AGRIFRP1EFG;16850;EUROFACTOR
16870;NOFIFR21XXX;16870;NORD FINANCEMENT
16906;AGRIFRPP869;16906;CREDIT AGRICOLE PYRENEES GASCOGNE
16943;COTOFRP1XXX;16943;CANACCORD GENUITY SECURITIES LIMITED
16973;GISGFRP1XXX;16973;GESTEPARGNE INVESTISSEMENTS SERVICES GIS
16979;TREFFRP1XXX;16979;TRADITION SECURITIES AND FUTURES
16989;CAVNFR21XXX;16989;CAVABANQUE
17060;COGDFRP1XXX;17060;CIE GALE D AFFACTURAGE C G A
17100;CCUSFR21XXX;17100;CSSE CIT MUNICIPAL DE STRASBOURG
17106;AGRIFRPP871;17106;CREDIT AGRICOLE SUD MEDITERRANEE
17149;CCBPFRPP149;17149;CRCMM DE BRETAGNE NORMANDIE
17150;CCUTFR21XXX;17150;CSSE CIT MUNICIPAL DE TOULON
17153;BDIRFRPPXXX;17153;BOURSE DIRECT
17169;CCBPFRPP169;17169;CRC MARIT MUTUEL DU LITTORAL SUD OUEST
17173;VITDFRP1XXX;17173;TSAF OTC
17179;CMMMFR21XXX;17179;CRC MARIT MUT DE LA MEDITERRANEE
17200;INREFR21XXX;17200;INTERFI
17206;AGRIFRPP872;17206;CREDIT AGRICOLE ALSACE VOSGES
17219;CCBPFRPP219;17219;CRC MARIT MUT ATLANTIQUE
17273;SECNFRP1;17273;AMUNDI INTERMEDIATION
17290;CLFRFRPPXXX;17290;DEXIA CREDIT LOCAL
17353;PAFCFRP1XXX;17353;DU PASQUIER ET CIE (FRANCE)
17373;AXIGFRP1XXX;17373;AXA INVESTMENT MANAGERS IF
17429;CCAENCN1XXX;17429;CSSE CIT AGRICOLE MUTUEL NLLE CALEDONIE
17439;SODIRER1XXX;17439;STE FIRE PR LE DEV DE LA REUNION
17453;JBBRFRPPXXX;17453;KEPLER CAPITAL MARKETS SA
17469;SOCBPFTXXXX;17469;BANQUE SOCREDO
17473;ARFNFRP1XXX;17473;ARFINCO
17479;CIPMPMP1XXX;17479;COOPERATIVE IMMOB ST PIERRE ET MIQUELON
17499;BCADNCNNXXX;17499;BANQUE CALEDONIENNE D INVEST B C I
17510;CRTAFR21XXX;17510;CREATIS
17515;CEPAFRPP751;17515;CAISSE D EPARGNE ILE DE FRANCE PARIS
17519;BACPFRPPXXX;17519;BANQUE CENTRALE DE COMPENSATION
17529;SFFTFRP1XXX;17529;FRANCETEL STE FRSE DE FINT DES TELECOMM
17549;NATRFR21XXX;17549;NATIOCREDIBAIL
17569;CMBMMCMXXXX;17569;CIE MONEGASQUE DE BANQUE MONACO
17599;BLOMFRPPXXX;17599;BLOM BANK FRANCE
17607;CCBPFRPPSTR;17607;BANQUE POPULAIRE D ALSACE
17619;BEMOFRPPXXX;17619;BEMO EUROPE BANQUE PRIVEE
17620;CCMNFR21XXX;17620;CSSE CIT MUNICIPAL DE NIMES
17629;COBAFRPXXXX;17629;COMMERZBANK A.G.
17649;REVIFRPPXXX;17649;BANQUE REVILLON
17660;GENFFRP1XXX;17660;GENEFIM
17679;SBEXFRP1XXX;17679;SOCIETE DE BANQUE ET D EXPANSION
17779;SBAAFRPPXXX;17779;BANQUE SBA
17789;DEUTFRPPXXX;17789;DEUTSCHE BANK AG SUCCURSALE DE PARIS
17806;AGRIFRPP878;17806;CREDIT AGRICOLE CENTRE EST
17807;CCBPFRPPTLS;17807;BANQUE POPULAIRE OCCITANE
17839;GMACFR21XXX;17839;GMAC BANQUE
17869;CCBIFRP1XXX;17869;CBIP
17873;EXOEFRP1XXX;17873;EXOE
17906;AGRIFRPP879;17906;CREDIT AGRICOLE DE L ANJOU ET DU MAINE
17919;QNBAFRPPXXX;17919;QATAR NATIONAL BANK
17939;BNPANCNXXXX;17939;BNPP NC
17943;MLPMFRP1;17943;JULIUS BAER PORTFOLIO MANAGERS LIMITED
17959;BAMYFR22XXX;17959;BANQUE MICHEL INCHAUSPE BAMI
17979;ARABFRPPXXX;17979;EUROPE ARAB BANK PLC
17989;NBADFRPPXXX;17989;NATIONAL BANK OF ABU DHABI
18020;BNPCFR21XXX;18020;BNP PARIBAS FACTOR
18025;CEPAFRPP802;18025;CAISSE D EPARGNE DE PICARDIE
18029;CETEFRP1XXX;18029;BNP PARIBAS PERSONAL FINANCE
18040;BATFFR21XXX;18040;BATIFRANC
18043;TUPFFRP1XXX;18043;TULLETT PREBON (EUROPE) LIMITED
18050;CCMLFR21XXX;18050;CSSE CIT MUNICIPAL DE LYON
18059;MIDLFRPXXXX;18059;HSBC BANK PLC
18079;SOGEGPGP;18079;STE GENERALE DE BANQUE AUX ANTILLES
18089;AUDIFRPPXXX;18089;BANK AUDI SARADAR FRANCE
18106;AGRIFRPP881;18106;CREDIT AGRICOLE DES SAVOIE
18129;ISAEFRPPXXX;18129;CACEIS BANK FRANCE
18160;CCMYFR21XXX;18160;CSSE CIT MUNICIPAL DE NANCY
18169;CRESFRPPXXX;18169;CREDIT SUISSE (FRANCE)
18173;FRNNFRP1XXX;18173;AM FRANCE
18179;DRGFFRP1XXX;18179;COMMERZBANK HOLDINGS FRANCE
18180;ZARCFR21XXX;18180;ZARIFI ENTREPRISE D INVESTISSEMENT
18189;CGCPFRP1XXX;18189;CIE GLE DE CIT AUX PARTICULIERS CREDIPAR
18206;AGRIFRPP882;18206;CREDIT AGRICOLE DE PARIS ET D ILE DE FRANCE
18209;EXFNFRP1XXX;18209;EXANE FINANCE
18280;UUFEFRP1;18280;UNIFERGIE UNION FINT ECONOMIES ENERGIE
18289;HABBFRPPXXX;18289;HABIB BANK LIMITED
18306;AGRIFRPP883;18306;CREDIT AGRICOLE NORMANDIE SEINE
18315;CEPAFRPP831;18315;CAISSE D EPARGNE COTE D AZUR
18319;SOGENCNN;18319;STE GENERALE CALEDONIENNE DE BQ S G C B
18329;SBINFRPPXXX;18329;STATE BANK OF INDIA
18343;MAKTFRP1XXX;18343;IG MARKETS LIMITED
18353;EUCKFRP1XXX;18353;GLOBAL EQUITIES CAPITAL MARKETS
18359;CPMEFRPPXXX;18359;BPIFRANCE FINANCEMENT
18370;GPBAFRPPXXX;18370;GROUPAMA BANQUE
18429;NONNFRP1XXX;18429;NORBAIL SOFERGIE
18450;CMROFR21XXX;18450;CSSE CIT MUNICIPAL DE ROUBAIX
18470;CCMTFR21XXX;18470;CREDIT MUNICIPAL DE NANTES
18473;EXANFRPPSTO;18473;EXANE OPTIONS
18520;BFCMFR21XXX;18520;GROUPE SOFEMO
18529;MHCBFRPPXXX;18529;MIZUHO BANK LTD PARIS BRANCH
18530;NSNCFR21XXX;18530;NATIOCREDIMURS STE EN NOM COLLECTIF
18540;COSAFR21XXX;18540;CORSABAIL
18553;CARXFRP1XXX;18553;CARAX
18569;BMISFRPPXXX;18569;BANQUE MISR
18589;CFDIFRP1XXX;18589;CAISSE FRANCAISE DE DEVELOPPEMENT INDUST
18609;CCIFFRPPXXX;18609;CAISSE CENTRALE CIT IMMOB DE FRANCE-3CIF
18610;COLVFRP1XXX;18610;CIE PR LA LOC DE VEHICULES-CLV
18629;BLICFRPXXXX;18629;HSBC PRIVATE BANK FRANCE
18650;SOFSFR21XXX;18650;SOFISCOP
18660;CFLCFRP1XXX;18660;COFILOISIR CIE PR LE FINT DES LOISIRS
18669;RCBPFRPPXXX;18669;ROTHSCHILD ET COMPAGNIE BANQUE
18689;FRAFFRPPXXX;18689;FRANSABANK FRANCE S A
18706;AGRIFRPP887;18706;CREDIT AGRICOLE BRIE PICARDIE
18707;CCBPFRPPVER;18707;BANQUE POPULAIRE VAL DE FRANCE (2EME)
18709;CIIFFRP1XXX;18709;CIF ILE DE FRANCE
18715;CEPAFRPP871;18715;CAISSE D EPARGNE AUVERGNE LIMOUSIN
18719;BFCORERX;18719;BFC OI
18729;BFECGPGX;18729;BANQUE FRSE COMMERCIALE ANTILLES GUYANE
18730;OCLNNCN1XXX;18730;OCEOR LEASE NOUMEA
18739;ABNAFRPPXXX;18739;THE ROYAL BANK OF SCOTLAND PLC
18759;EFGBMCMC;18759;EFG BANK (MONACO)
18769;BKCHFRPPXXX;18769;BANK OF CHINA LIMITED
18789;ICBCFRPPXXX;18789;MEGA INTERNATIONAL COMMERCIAL BANK CO
18829;CMBRFR2BCME;18829;ARKEA BANQUE ENTREPRISES INSTITUTIONNELS
18869;FEMUFR21XXX;18869;BANQUE FRANCAISE MUTUALISTE BFM
18879;MOFIFR21XXX;18879;BANQUE MONETAIRE ET FINANCIERE B M F
18889;BCRTFRP1XXX;18889;CORTAL CONSORS
18890;SMFSMQM1XXX;18890;STE MARTINIQUAISE DE FINT - SOMAFI
18900;SGFOGPG1XXX;18900;STE GUADELOUPEENNE DE FINT- SOGUAFI
18919;NATXFRPPBPS;18919;BANQUE PRIVEE 1818
18930;COFTFR21XXX;18930;CIE FINANCIERE DU LITTORAL COFILIT
18950;CSCAFR21XXX;18950;CSSE CIT MUNICIPAL D AVIGNON
18973;MOSFFRP1;18973;MOSAIC FINANCE
18979;ABCOFRPPXXX;18979;ABC INTERNATIONAL BANK PLC
18989;AARBFRP1XXX;18989;AAREAL BANK AG
19000;IVSTFRP1XXX;19000;STE AUX ETUDES ET INVEST MOBILIERS
19020;CRMSGPG1XXX;19020;CREDIT MODERNE ANTILLES GUYANE
19053;CLACFRP1XXX;19053;CLARESCO BOURSE
19063;SALAFR2MXXX;19063;LANDESBANK SAAR (SAARLB)
19069;KBLXFRPPXXX;19069;KBL RICHELIEU BANQUE PRIVEE
19106;AGRIFRPP891;19106;CREDIT AGRICOLE PROVENCE COTE D AZUR
19110;OCLTPFT1XXX;19110;OCEOR LEASE TAHITI
19139;MENFFRP1XXX;19139;MENAFINANCE
19150;CRSFFRP1XXX;19150;CREDIT ET SERVICES FINANCIERS CRESERFI
19169;FIMUFR21;19169;FINAMUR
19173;EXPAFRP1;19173;EXCLUSIVE PARTNERS
19189;SOCMFRP1XXX;19189;C2C CARTES ET CREDITS A LA CONSOMMATION
19190;OCLRRER1XXX;19190;OCEOR LEASE REUNION
19229;BSABFRPPXXX;19229;BANCO DE SABADELL
19230;CRLGFRP1XXX;19230;CREDIT LOGEMENT
19239;NATFFRP1;19239;NATIXIS TRANSPORT FINANCE
19250;CGLEFR21XXX;19250;CIE GLE DE LOC D EQUIPEMENTS C G L
19253;SILIFRP1XXX;19253;SICAVONLINE
19259;SOGFFRP1XXX;19259;SOGEFIMUR
19269;GENNFR21XXX;19269;GENEBANQUE
19339;GCBLFRP1XXX;19339;GCE BAIL
19400;COGFFRP1XXX;19400;CONSEIL DE GESTION FINANCIERE COGEFI
19406;AGRIFRPP894;19406;CREDIT AGRICOLE DE LA TOURAINE ET DU POITOU
19443;SKISFRP1XXX;19443;SKANDIA INVEST SA
19460;SFAXFRPPXXX;19460;SOFAX BANQUE
19479;SCUEFR21XXX;19479;STE COOP ET MUT DE LA REGION P A C A
19506;AGRIFRPP895;19506;CREDIT AGRICOLE DU CENTRE OUEST
19519;GEDIFR21XXX;19519;GEDEX DISTRIBUTION
19530;AGRIFRPI;19530;AMUNDI GROUP
19553;PROCFRPPXXX;19553;PROCAPITAL
19560;SGCUFR21XXX;19560;STE GARANTIE COOP MUT DES IND MET ELECT
19570;UFIFFRP1XXX;19570;UNION FIRE DE FRANCE BANQUE
19730;NOMAFRP1XXX;19730;BANQUE NOMURA FRANCE
19806;AGRIMQMX;19806;CREDIT AGRICOLE DE LA MARTINIQUE ET DE LA GUYANE
19850;COGPFR21XXX;19850;COMPAGNIE DE GESTION ET DE PRETS CDGP
19870;SOAPFR21XXX;19870;CARREFOUR BANQUE
19906;AGRIRERX;19906;CREDIT AGRICOLE DE LA REUNION
19930;CINEFRP1XXX;19930;CINERGIE
19940;ENEEFRP1XXX;19940;NATIXIS ENERGECO
19953;GIFNFRP1XXX;19953;GINALFI FINANCE
19990;SSGIFR21XXX;19990;SOGEFINERG STE GALE PR FINT INV ECO ENER
20019;SFDIFR21XXX;20019;STE PR FINT DU DEV IND POITOU-CHARENTES
20041;PSSTFRPPXXX;20041;LA BANQUE POSTALE
20280;SPIFFRP1XXX;20280;SCM DES PROF IMMO ET FONCIERES SOCAF
20290;CMCMFRP1XXX;20290;CAUTION MUTUELLE DU CREDIT IMMOB FRANCE
20380;CAOAFRP1XXX;20380;CAUTION GRAINOL
21120;LOYDMCMXXXX;21120;LLOYDS BANK PLC
21339;FOLFFRP1XXX;21339;FORTIS LEASE
21349;PAILFRP1XXX;21349;PARILEASE
21619;SOBLFRP1XXX;21619;SOPHIA BAIL
21670;CPBIFRPPXXX;21670;CP OR DEVISES
21859;BOGAFR21XXX;21859;BOURGOGNE GARANTIE
21990;FIPIFRP1XXX;21990;BANQUE LEONARDO
22840;SCFFFR21XXX;22840;SCANIA FINANCE FRANCE
22910;TRFIFR21XXX;22910;TRANSOLVER FINANCE SA
22970;EPCMFRP1XXX;22970;EPARGNE CREDIT DES MILITAIRES (E C M )
23380;DERAFRP1XXX;23380;DEXIA C L F REGIONS BAIL
23779;BYBBFRPPXXX;23779;BYBLOS BANK EUROPE
23890;BCMAFRPPXXX;23890;ATTIJARIWAFA BANK EUROPE
23930;SOCIFRP1XXX;23930;SOGAMA CREDIT ASSOCIATIF
23970;UZESFRCPXXX;23970;FINANCIERE D UZES
24280;ODCFFRP1XXX;24280;ODDO CORPORATE FINANCE
24349;BJSBMCMXXXX;24349;BANQUE J SAFRA SARASIN MONACO SA
24599;BARCFRPPXXX;24599;BARCLAYS FRANCE
24659;BCIBFRP1XXX;24659;BANQUE CHABRIERES
25080;AXFIFR21XXX;25080;AXA BANQUE FINANCEMENT
25609;SETMFRP1XXX;25609;SCM ENTREP TRAVAIL TEMPORAIRE SOCAMETT
25709;CGINFRP1XXX;25709;GALIAN
25790;PARRFRP1XXX;25790;PARIFERGIE
26269;SSGEFRP1XXX;26269;SOGAL STE GAR ENTREP LAIT AGRI ALIMENT
26310;SYGMFRP1XXX;26310;SYGMA BANQUE
26679;SIAAFRP1XXX;26679;STE INTERPROF ARTISANALE GARANTIE INVEST
26819;CMGIFRP1XXX;26819;CAISSE MUT GAR IND MECA ET TRANSF METAUX
27180;NOIMFRP1XXX;27180;NORBAIL IMMOBILIER
27589;OUDAFRP1XXX;27589;OUDART SA
27800;KREDFRPP;27800;KBC BANK
27910;REUNFR21XXX;27910;REUNIBAIL
28310;GEEEFR21XXX;28310;GENECOMI
28570;CMDIFR21XXX;28570;CSSE CIT MUNICIPAL DE DIJON
28860;FONAFRP1;28860;FONCARIS
30001;BDFEFRPP;30001;BANQUE DE FRANCE
30002;CRLYFRPPXXX;30002;LE CREDIT LYONNAIS
30003;SOGEFRPP;30003;SOCIETE GENERALE
30004;BNPAFRPPXXX;30004;BNP PARIBAS
30006;AGRIFRPP;30006;CREDIT AGRICOLE S A
30007;NATXFRPP;30007;NATIXIS
30027;CMCIFRP1BSD;30027;BANQUE CIC NORD OUEST
30047;CMCIFRP1CIO;30047;CIC OUEST
30051;CFFOFRPPXXX;30051;COMPAGNIE DE FINANCEMENT FONCIER
30056;CCFRFRPP;30056;HSBC FRANCE
30066;CMCIFRPPXXX;30066;C I C
30076;NORDFRPP;30076;CREDIT DU NORD
30077;SMCTFR2A;30077;SOCIETE MARSEILLAISE DE CREDIT
30087;CMCIFRP1SNV;30087;CIC EST
30258;BATIFRP1XXX;30258;BTP BANQUE
30438;INGBFRPP;30438;ING BANK FRANCE
30478;MONTFRPPXXX;30478;MONTE PASCHI BANQUE
30568;CMCIFRP1BTR;30568;BANQUE TRANSATLANTIQUE
30588;BARCFRPPXXX;30588;BARCLAYS
30628;CHASFRPPXXX;30628;JPMORGAN CHASE BANK NATIONAL ASSOCIATION
30748;LAZPFRPPXXX;30748;LAZARD FRERES BANQUE
30758;UBSWFRPPXXX;30758;UBS (FRANCE) S A
30788;NSMBFRPPXXX;30788;BANQUE NEUFLIZE OBC
30958;BPLGFR21XXX;30958;BNP PARIBAS LEASE GROUP
31489;BSUIFRPP;31489;CREDIT AGRICOLE CORPORATE AND INVESTM BK
40031;CDCGFRPPXXX;40031;CAISSE DES DEPOTS ET CONSIGNATIONS
40168;BNPAFRPP;40168;BANQUE DE BRETAGNE
40198;BPPBFRP1XXX;40198;BNP PARIBAS WEALTH MANAGEMENT
40238;EUROFRPPXXX;40238;VTB BANK FRANCE SA
40398;BICFFRPPXXX;40398;BANQUE INTERNATIONALE DE COMMERCE BRED
40618;BOUSFRPP;40618;BOURSORAMA BANQUE
40978;BSPFFRPPXXX;40978;BANQUE PALATINE
41139;BRASFRPPXXX;41139;BANCO DO BRASIL
41189;BBVAFRPPXXX;41189;BANCO BILBAO VIZCAYA ARGENTARIA BBVA
41199;CMCIFRP1IBB;41199;CIC IBERBANCO
41219;BOFAFRPPXXX;41219;BANK OF AMERICA NATIONAL ASSOCIATION
41249;BOTKFRPXXXX;41249;BANK OF TOKYO MITSUBISHI UFJ
41329;PARBFRPPXXX;41329;BNP PARIBAS SECURITIES SERVICES
41439;BCDMFRPPXXX;41439;BANQUE CHAABI DU MAROC
41539;AGRIFRP1ACF;41539;CREDIT AGRICOLE CONSUMER FINANCE
41599;FRABFRP1XXX;41599;BANQUE FRANCAISE
41639;NBOKFRPPXXX;41639;NATIONAL BANK OF KUWAIT (INTERNAT) PLC
41829;LICOFRPPXXX;41829;AL KHALIJI FRANCE
41839;BDAFGPGXXXX;41839;BANQUE DES ANTILLES FRANCAISES
41919;BNPARERXXXX;41919;BNP PARIBAS REUNION
42529;COFIFRPPXXX;42529;CIE FIRE ED. DE ROTHSCHILD BANQUE
42559;CCOPFRPPXXX;42559;CREDIT COOPERATIF
42649;TRAVFRP1XXX;42649;BANQUE TRAVELEX S A
42799;MOEYFRPPXXX;42799;GE MONEY BANK
42959;ELBAFRPPXXX;42959;ELECTRO BANQUE
43030;ALTRFRP1XXX;43030;BANQUE DEGROOF
43199;CFFRFRPPXXX;43199;CREDIT FONCIER DE FRANCE
43629;SCBNFR21XXX;43629;STE AN DE CREDIT A L IND FRANCAISE CALIF
43659;BESVFRPPXXX;43659;BANQUE ESPIRITO SANTO ET DE LA VENETIE
43789;SIFBFRP1XXX;43789;QUILVEST BANQUE PRIVEE
43799;SIBLFRPP;43799;CA INDOSUEZ PRIVATE BANKING
43849;UTUBFRPPXXX;43849;TUNISIAN FOREIGN BANK
43899;UBAFFRPPXXX;43899;UNION DE BANQUES ARABES ET FRSES U B A F
44149;ESCBFRPPXXX;44149;BQUE D ESCOMPTE ET WORMSER FRERES REUNIS
44319;PREUFRP1XXX;44319;BPE
44449;LIXXFR21;44449;LIXXCREDIT
44729;BSCHFRPPXXX;44729;BANCO SANTANDER SA
45030;UBSWFR31;45030;UBS SECURITIES FRANCE SA
45159;IDDOFRP1XXX;45159;INSTITUT D EMISSION DEPARTEMENTS OUT-MER
45189;INDDFRP1XXX;45189;INSTITUT D EMISSION D OUTRE-MER
45190;DBZEFRPPCRI;45190;BNP PARIBAS EQUITIES FRANCE
45280;SEPAFRP1XXX;45280;SG SECURITIES (PARIS) SAS
45288;PAREFRPP;45288;PAREL
45340;AULSFRP1XXX;45340;AUREL BGC
45360;CHVIFRPP;45360;CHEUVREUX
45418;BNABFRPPXXX;45418;BNP PARIBAS ARBITRAGE
45539;CMUTFR21CCM;45539;CAISSE CENTRALE DU CIT MUT
45598;EXANFRPPXXX;45598;EXANE
45718;DESRFRP1XXX;45718;DSF MARKETS
45850;ODDOFRPPXXX;45850;ODDO ET CIE
50140;CMPCFRP1XXX;50140;CMP BANQUE
60011;FDEOFRP1XXX;60011;FONDS DEVELOPPEMENT ECONOMIQUE ET SOCIAL
60080;SADDFR21XXX;60080;STE ALSACIENNE DE DEV ET D EXPANS SADE
60220;CADCFR21XXX;60220;CAISSE DE DEVELOPPEMENT DE LA CORSE
62108;ESDRFR21XXX;62108;EXPANSO LA STE POUR LE DEVELOPP REGIONAL
